Name,Age,Salary,Department
John Doe,28,5000000,Engineering
Jane Smith,32,5500000,Marketing
Emily Johnson,45,7000000,Finance
Michael Brown,30,6000000,Engineering
Linda Davis,27,4800000,Sales
James Wilson,40,7200000,Finance
Mary Moore,35,6200000,Engineering
David Taylor,50,7500000,Marketing
Laura Anderson,29,5100000,Sales
Chris Thomas,42,6800000,Engineering
Patricia Jackson,33,5900000,Marketing
Robert Harris,37,6400000,Finance
Jennifer Martin,26,4700000,Sales
William Lewis,31,5300000,Engineering
Barbara Walker,34,6100000,Marketing
Daniel Hall,38,6500000,Finance
Elizabeth Young,39,6700000,Sales
Joseph Allen,25,4500000,Engineering
Sarah King,44,6900000,Marketing
Charles Scott,30,6000000,Sales
Angela Green,29,5200000,Finance
Richard Adams,28,5400000,Engineering
Jessica Nelson,31,5700000,Marketing
Matthew Carter,45,7000000,Sales
Nancy Mitchell,37,6200000,Finance
Kevin Perez,40,6500000,Engineering
Megan Roberts,32,5800000,Marketing
Joshua Evans,29,5300000,Sales
Ashley Turner,35,6000000,Finance
Brian Wright,42,6800000,Engineering
Amanda Young,33,5900000,Marketing
Edward Cooper,31,5500000,Sales
Sophia Hall,30,5600000,Finance
Jacob Morris,40,6700000,Engineering
Olivia Lee,25,4900000,Marketing
Samuel Allen,36,6400000,Sales
Isabella King,29,5100000,Finance
Ethan Mitchell,38,6900000,Engineering
Ava Carter,28,5300000,Marketing
Alexander Rogers,35,6200000,Sales
Charlotte Wright,32,5500000,Finance
Henry Reed,31,5700000,Engineering
Lily Ross,30,5400000,Marketing
Jack Peterson,29,5100000,Sales
Zoe Brooks,34,6000000,Finance
Mason Sanders,37,6300000,Engineering
Chloe Coleman,40,6600000,Marketing
Daniel Howard,33,5900000,Sales
Harper Adams,31,5700000,Finance
Alice -49,48,3501467,Sales
Alice -48,40,2032806,Sales
Charlie -47,37,2132539,Engineering
Grace -46,37,1301649,Marketing
Diana -45,47,4369685,Marketing
Isaac -44,32,1245294,Engineering
Judy -43,26,3518187,Finance
Diana -42,29,3035591,Sales
Charlie -41,25,1153283,Sales
Grace -40,38,4929931,Sales
Bob -39,50,1098982,Finance
Judy -38,30,2383899,Engineering
Bob -37,46,811455,Finance
Alice -36,31,3532971,Marketing
Frank -35,35,,Marketing
Bob -34,48,4805822,Engineering
Judy -33,36,,Finance
Judy -32,30,2016201,Marketing
Alice -31,35,4171861,
Isaac -30,38,3948087,
Alice -29,41,2008358,Finance
Alice -28,32,2336843,Sales
Judy -27,,,Engineering
Bob -26,35,1495519,Sales
Bob -25,41,2706486,Finance
Alice -24,43,342318,Sales
Bob -23,,1677722,Engineering
Frank -22,24,,Marketing
Bob -21,46,3861301,Sales
Frank -20,39,3276405,Engineering
Eve -19,,1035627,Finance
Isaac -18,33,1687415,Engineering
Isaac -17,,1321984,Marketing
Alice -16,42,4853380,Finance
Alice -15,26,1728769,Engineering
Diana -14,40,1787738,Engineering
Grace -13,42,4414913,Finance
Eve -12,25,1183812,Engineering
Eve -11,,1634495,Sales
Bob -10,46,2872599,Finance
Alice -9,50,3060883,Engineering
Eve -8,26,1979065,
Eve -7,35,1197784,Marketing
Judy -6,30,2662569,Sales
Hannah -5,36,2985308,Marketing
Grace -4,22,2897633,
Frank -3,42,1636208,Engineering
Alice -2,45,3383944,
Grace -1,27,1971925,Finance
Eve 0,,494658,Engineering
Hannah 1,35,4424109,Engineering
Frank 2,37,2592665,Sales
Grace 3,44,,Marketing
Hannah 4,42,814121,Engineering
Isaac 5,29,184861,
Charlie 6,45,4864284,Finance
Bob 7,41,2688791,Engineering
Charlie 8,48,1577020,Finance
Frank 9,39,2231732,Marketing
Judy 10,,3968491,Marketing
Alice 11,44,2484095,Finance
Bob 12,31,,Engineering
Isaac 13,35,824844,Marketing
Judy 14,38,1426708,Sales
Hannah 15,49,,Engineering
Frank 16,44,2337560,Finance
Alice 17,,4564862,
Diana 18,48,1150468,Marketing
Diana 19,41,4749298,Finance
Hannah 20,45,2847588,Engineering
Diana 21,48,3892426,Engineering
Hannah 22,49,,Finance
Charlie 23,35,4872582,
Hannah 24,38,3323345,Marketing
Alice 25,33,1436477,Sales
Hannah 26,37,,
Judy 27,,1676923,Engineering
Eve 28,41,4838504,Finance
Hannah 29,36,4598716,Sales
Charlie 30,40,2534602,Sales
Hannah 31,36,2865054,Marketing
Eve 32,34,1140081,Sales
Charlie 33,42,511145,Sales
Charlie 34,24,820924,Engineering
Isaac 35,24,1101174,Marketing
Frank 36,27,496734,Finance
Judy 37,45,169870,Sales
Frank 38,,2763104,Engineering
Hannah 39,45,,Sales
Eve 40,,789253,Sales
Judy 41,35,3517637,Sales
Charlie 42,31,4805211,Sales
Eve 43,,2073979,Engineering
Grace 44,41,4125371,Finance
Isaac 45,34,3959073,Engineering
Frank 46,50,1432713,Sales
Grace 47,42,4345082,Marketing
Isaac 48,23,3060254,Engineering
Eve 49,37,4344360,Finance
Bob 50,32,,Marketing
Eve 51,42,2038533,Engineering
Isaac 52,39,460634,Sales
Eve 53,27,1808817,Engineering
Judy 54,29,79511,Finance
Isaac 55,34,2680827,Engineering
Charlie 56,38,2243938,Finance
Alice 57,34,,Sales
Eve 58,36,3886476,Engineering
Hannah 59,26,2122859,Sales
Eve 60,49,3439548,Sales
Grace 61,26,100843,
Bob 62,23,2245289,Finance
Bob 63,37,2659076,Engineering
Diana 64,50,2497535,Finance
Alice 65,32,4544799,Sales
Bob 66,43,718757,Sales
Judy 67,34,4324361,
Eve 68,27,581845,Sales
Bob 69,39,1876938,Marketing
Grace 70,44,2539633,Marketing
Charlie 71,28,2831641,Sales
Frank 72,35,273081,Marketing
Alice 73,44,3852378,Finance
Judy 74,48,2707739,Engineering
Charlie 75,44,2660144,
Charlie 76,44,2308574,Engineering
Alice 77,27,896617,Engineering
Hannah 78,,4476569,Marketing
Isaac 79,36,4495805,Engineering
Bob 80,46,4704784,Sales
Isaac 81,28,1600737,Finance
Judy 82,40,,Finance
Hannah 83,48,220203,
Frank 84,24,2808696,Engineering
Diana 85,50,149248,Sales
Diana 86,30,4905704,Engineering
Frank 87,22,2458722,Finance
Grace 88,41,2025045,
Frank 89,23,465751,Engineering
Eve 90,50,2759543,Engineering
Alice 91,,997196,Sales
Alice 92,28,3205033,Marketing
Judy 93,38,4288673,Sales
Judy 94,,4421829,Finance
Grace 95,44,1428395,Engineering
Diana 96,41,2978765,Marketing
Grace 97,25,1344386,Engineering
Alice 98,,4039515,
Charlie 99,,4547808,
Isaac 100,36,2752815,Engineering
Bob 101,34,1925325,Finance
